-- user
INSERT IGNORE INTO tb_user (id, account, password, name, email, phone, default_new_version_notify_strategy, create_time) VALUES ('cn_lym@foxmail.com', null, null, 'cn_lym@foxmail.com', 'cn_lym@foxmail.com', null, 'STABLE_ONLY', '2023-03-19 09:21:51');

-- project
INSERT IGNORE INTO tb_project (id, group_id, artifact_id, version, name, description, user_id, status, create_time, update_time) VALUES (10, 'cn.itlym', 'shoulder-dependencies', null, 'shoulder-dependencies', null, 'cn_lym@foxmail.com', 'NORMAL', '2023-03-19 09:21:53', '2024-05-18 15:55:01');
INSERT IGNORE INTO tb_project (id, group_id, artifact_id, version, name, description, user_id, status, create_time, update_time) VALUES (29, 'cn.itlym.platform', 'shoulder-platform-parent', '1.0-SNAPSHOT', 'shoulder-platform-parent', 'shoulder platform 的通用父类，管理了平台的技术选型和通用配置', 'cn_lym@foxmail.com', 'NORMAL', '2024-05-21 00:34:27', null);

-- dependencies
INSERT IGNORE INTO tb_dependency (id, project_id, group_id, artifact_id, version, new_version_notify_strategy) VALUES (337, 10, 'cn.itlym', 'shoulder-framework', '0.8.1-SNAPSHOT', 'STABLE_ONLY');
INSERT IGNORE INTO tb_dependency (id, project_id, group_id, artifact_id, version, new_version_notify_strategy) VALUES (338, 10, 'org.springframework.boot', 'spring-boot-starter-parent', '3.2.5', 'STABLE_ONLY');
INSERT IGNORE INTO tb_dependency (id, project_id, group_id, artifact_id, version, new_version_notify_strategy) VALUES (339, 10, 'org.springframework.cloud', 'spring-cloud-dependencies', '2023.0.1', 'STABLE_ONLY');
INSERT IGNORE INTO tb_dependency (id, project_id, group_id, artifact_id, version, new_version_notify_strategy) VALUES (340, 10, 'org.projectlombok', 'lombok', '1.18.32', 'STABLE_ONLY');
INSERT IGNORE INTO tb_dependency (id, project_id, group_id, artifact_id, version, new_version_notify_strategy) VALUES (341, 10, 'cn.itlym.shoulder', 'lombok', '0.1', 'STABLE_ONLY');
INSERT IGNORE INTO tb_dependency (id, project_id, group_id, artifact_id, version, new_version_notify_strategy) VALUES (342, 10, 'org.redisson', 'redisson', '3.27.2', 'STABLE_ONLY');
INSERT IGNORE INTO tb_dependency (id, project_id, group_id, artifact_id, version, new_version_notify_strategy) VALUES (343, 10, 'cn.itlym', 'shoulder-core', '0.8.1-SNAPSHOT', 'STABLE_ONLY');
INSERT IGNORE INTO tb_dependency (id, project_id, group_id, artifact_id, version, new_version_notify_strategy) VALUES (344, 10, 'cn.itlym', 'shoulder-cluster', '0.8.1-SNAPSHOT', 'STABLE_ONLY');
INSERT IGNORE INTO tb_dependency (id, project_id, group_id, artifact_id, version, new_version_notify_strategy) VALUES (345, 10, 'cn.itlym', 'shoulder-crypto', '0.8.1-SNAPSHOT', 'STABLE_ONLY');
INSERT IGNORE INTO tb_dependency (id, project_id, group_id, artifact_id, version, new_version_notify_strategy) VALUES (346, 10, 'cn.itlym', 'shoulder-crypto-negotiation', '0.8.1-SNAPSHOT', 'STABLE_ONLY');
INSERT IGNORE INTO tb_dependency (id, project_id, group_id, artifact_id, version, new_version_notify_strategy) VALUES (347, 10, 'cn.itlym', 'shoulder-operation-log', '0.8.1-SNAPSHOT', 'STABLE_ONLY');
INSERT IGNORE INTO tb_dependency (id, project_id, group_id, artifact_id, version, new_version_notify_strategy) VALUES (348, 10, 'cn.itlym', 'shoulder-batch', '0.8.1-SNAPSHOT', 'STABLE_ONLY');
INSERT IGNORE INTO tb_dependency (id, project_id, group_id, artifact_id, version, new_version_notify_strategy) VALUES (349, 10, 'cn.itlym', 'shoulder-security', '0.8.1-SNAPSHOT', 'STABLE_ONLY');
INSERT IGNORE INTO tb_dependency (id, project_id, group_id, artifact_id, version, new_version_notify_strategy) VALUES (350, 10, 'cn.itlym', 'shoulder-security-code', '0.8.1-SNAPSHOT', 'STABLE_ONLY');
INSERT IGNORE INTO tb_dependency (id, project_id, group_id, artifact_id, version, new_version_notify_strategy) VALUES (351, 10, 'cn.itlym', 'shoulder-data-db', '0.8.1-SNAPSHOT', 'STABLE_ONLY');
INSERT IGNORE INTO tb_dependency (id, project_id, group_id, artifact_id, version, new_version_notify_strategy) VALUES (352, 10, 'cn.itlym', 'shoulder-http', '0.8.1-SNAPSHOT', 'STABLE_ONLY');
INSERT IGNORE INTO tb_dependency (id, project_id, group_id, artifact_id, version, new_version_notify_strategy) VALUES (353, 10, 'cn.itlym', 'shoulder-validation', '0.8.1-SNAPSHOT', 'STABLE_ONLY');
INSERT IGNORE INTO tb_dependency (id, project_id, group_id, artifact_id, version, new_version_notify_strategy) VALUES (354, 10, 'cn.itlym', 'shoulder-web', '0.8.1-SNAPSHOT', 'STABLE_ONLY');
INSERT IGNORE INTO tb_dependency (id, project_id, group_id, artifact_id, version, new_version_notify_strategy) VALUES (355, 10, 'cn.itlym', 'shoulder-api-doc', '0.8.1-SNAPSHOT', 'STABLE_ONLY');
INSERT IGNORE INTO tb_dependency (id, project_id, group_id, artifact_id, version, new_version_notify_strategy) VALUES (356, 10, 'cn.itlym', 'shoulder-monitor', '0.8.1-SNAPSHOT', 'STABLE_ONLY');
INSERT IGNORE INTO tb_dependency (id, project_id, group_id, artifact_id, version, new_version_notify_strategy) VALUES (357, 10, 'cn.itlym', 'shoulder-autoconfiguration', '0.8.1-SNAPSHOT', 'STABLE_ONLY');
INSERT IGNORE INTO tb_dependency (id, project_id, group_id, artifact_id, version, new_version_notify_strategy) VALUES (358, 10, 'cn.itlym', 'shoulder-starter', '0.8.1-SNAPSHOT', 'STABLE_ONLY');
INSERT IGNORE INTO tb_dependency (id, project_id, group_id, artifact_id, version, new_version_notify_strategy) VALUES (359, 10, 'cn.itlym', 'shoulder-starter-mysql', '0.8.1-SNAPSHOT', 'STABLE_ONLY');
INSERT IGNORE INTO tb_dependency (id, project_id, group_id, artifact_id, version, new_version_notify_strategy) VALUES (360, 10, 'cn.itlym', 'shoulder-starter-web', '0.8.1-SNAPSHOT', 'STABLE_ONLY');
INSERT IGNORE INTO tb_dependency (id, project_id, group_id, artifact_id, version, new_version_notify_strategy) VALUES (361, 10, 'cn.itlym', 'shoulder-starter-operation-log', '0.8.1-SNAPSHOT', 'STABLE_ONLY');
INSERT IGNORE INTO tb_dependency (id, project_id, group_id, artifact_id, version, new_version_notify_strategy) VALUES (362, 10, 'cn.itlym', 'shoulder-starter-beanmap', '0.8.1-SNAPSHOT', 'STABLE_ONLY');
INSERT IGNORE INTO tb_dependency (id, project_id, group_id, artifact_id, version, new_version_notify_strategy) VALUES (363, 10, 'cn.itlym', 'shoulder-starter-auth-session', '0.8.1-SNAPSHOT', 'STABLE_ONLY');
INSERT IGNORE INTO tb_dependency (id, project_id, group_id, artifact_id, version, new_version_notify_strategy) VALUES (364, 10, 'cn.itlym', 'shoulder-starter-auth-token', '0.8.1-SNAPSHOT', 'STABLE_ONLY');
INSERT IGNORE INTO tb_dependency (id, project_id, group_id, artifact_id, version, new_version_notify_strategy) VALUES (365, 10, 'cn.itlym', 'shoulder-starter-auth-server', '0.8.1-SNAPSHOT', 'STABLE_ONLY');
INSERT IGNORE INTO tb_dependency (id, project_id, group_id, artifact_id, version, new_version_notify_strategy) VALUES (366, 10, 'cn.itlym', 'shoulder-starter-security-code', '0.8.1-SNAPSHOT', 'STABLE_ONLY');
INSERT IGNORE INTO tb_dependency (id, project_id, group_id, artifact_id, version, new_version_notify_strategy) VALUES (367, 10, 'cn.itlym', 'shoulder-starter-crypto', '0.8.1-SNAPSHOT', 'STABLE_ONLY');
INSERT IGNORE INTO tb_dependency (id, project_id, group_id, artifact_id, version, new_version_notify_strategy) VALUES (368, 10, 'cn.itlym', 'shoulder-starter-monitor', '0.8.1-SNAPSHOT', 'STABLE_ONLY');
INSERT IGNORE INTO tb_dependency (id, project_id, group_id, artifact_id, version, new_version_notify_strategy) VALUES (369, 10, 'cn.itlym', 'shoulder-ext-common', '0.8.1-SNAPSHOT', 'STABLE_ONLY');
INSERT IGNORE INTO tb_dependency (id, project_id, group_id, artifact_id, version, new_version_notify_strategy) VALUES (370, 10, 'cn.itlym', 'shoulder-ext-config', '0.8.1-SNAPSHOT', 'STABLE_ONLY');
INSERT IGNORE INTO tb_dependency (id, project_id, group_id, artifact_id, version, new_version_notify_strategy) VALUES (371, 10, 'cn.itlym', 'shoulder-ext-dictionary', '0.8.1-SNAPSHOT', 'STABLE_ONLY');
INSERT IGNORE INTO tb_dependency (id, project_id, group_id, artifact_id, version, new_version_notify_strategy) VALUES (372, 10, 'cn.itlym', 'shoulder-ext-autoconfiguration', '0.8.1-SNAPSHOT', 'STABLE_ONLY');
INSERT IGNORE INTO tb_dependency (id, project_id, group_id, artifact_id, version, new_version_notify_strategy) VALUES (373, 10, 'io.swagger.core.v3', 'swagger-annotations', '2.2.21', 'STABLE_ONLY');
INSERT IGNORE INTO tb_dependency (id, project_id, group_id, artifact_id, version, new_version_notify_strategy) VALUES (374, 10, 'io.swagger.core.v3', 'swagger-annotations-jakarta', '2.2.21', 'STABLE_ONLY');
INSERT IGNORE INTO tb_dependency (id, project_id, group_id, artifact_id, version, new_version_notify_strategy) VALUES (375, 10, 'org.springdoc', 'springdoc-openapi-ui', '2.5.0', 'STABLE_ONLY');
INSERT IGNORE INTO tb_dependency (id, project_id, group_id, artifact_id, version, new_version_notify_strategy) VALUES (376, 10, 'com.github.xiaoymin', 'knife4j-spring-ui', '3.0.3', 'STABLE_ONLY');
INSERT IGNORE INTO tb_dependency (id, project_id, group_id, artifact_id, version, new_version_notify_strategy) VALUES (377, 10, 'com.github.xiaoymin', 'knife4j-spring-boot-starter', '3.0.3', 'STABLE_ONLY');
INSERT IGNORE INTO tb_dependency (id, project_id, group_id, artifact_id, version, new_version_notify_strategy) VALUES (378, 10, 'org.springframework.security.oauth.boot', 'spring-security-oauth2-autoconfigure', '2.6.8', 'STABLE_ONLY');
INSERT IGNORE INTO tb_dependency (id, project_id, group_id, artifact_id, version, new_version_notify_strategy) VALUES (379, 10, 'org.springframework.security.oauth', 'spring-security-oauth2', '2.5.2.RELEASE', 'STABLE_ONLY');
INSERT IGNORE INTO tb_dependency (id, project_id, group_id, artifact_id, version, new_version_notify_strategy) VALUES (380, 10, 'com.nimbusds', 'nimbus-jose-jwt', '9.37.3', 'STABLE_ONLY');
INSERT IGNORE INTO tb_dependency (id, project_id, group_id, artifact_id, version, new_version_notify_strategy) VALUES (381, 10, 'org.springframework.security.experimental', 'spring-security-oauth2-authorization-server', '1.2.3', 'STABLE_ONLY');
INSERT IGNORE INTO tb_dependency (id, project_id, group_id, artifact_id, version, new_version_notify_strategy) VALUES (382, 10, 'com.univocity', 'univocity-parsers', '2.9.1', 'STABLE_ONLY');
INSERT IGNORE INTO tb_dependency (id, project_id, group_id, artifact_id, version, new_version_notify_strategy) VALUES (383, 10, 'com.thoughtworks.xstream', 'xstream', '1.4.20', 'STABLE_ONLY');
INSERT IGNORE INTO tb_dependency (id, project_id, group_id, artifact_id, version, new_version_notify_strategy) VALUES (384, 10, 'commons-codec', 'commons-codec', '1.17.0', 'STABLE_ONLY');
INSERT IGNORE INTO tb_dependency (id, project_id, group_id, artifact_id, version, new_version_notify_strategy) VALUES (385, 10, 'org.apache.commons', 'commons-collections4', '4.4', 'STABLE_ONLY');
INSERT IGNORE INTO tb_dependency (id, project_id, group_id, artifact_id, version, new_version_notify_strategy) VALUES (386, 10, 'commons-io', 'commons-io', '2.16.1', 'STABLE_ONLY');
INSERT IGNORE INTO tb_dependency (id, project_id, group_id, artifact_id, version, new_version_notify_strategy) VALUES (387, 10, 'commons-configuration', 'commons-configuration', '1.10', 'STABLE_ONLY');
INSERT IGNORE INTO tb_dependency (id, project_id, group_id, artifact_id, version, new_version_notify_strategy) VALUES (388, 10, 'org.apache.commons', 'commons-lang3', '3.14.0', 'STABLE_ONLY');
INSERT IGNORE INTO tb_dependency (id, project_id, group_id, artifact_id, version, new_version_notify_strategy) VALUES (389, 10, 'commons-daemon', 'commons-daemon', '1.3.4', 'STABLE_ONLY');
INSERT IGNORE INTO tb_dependency (id, project_id, group_id, artifact_id, version, new_version_notify_strategy) VALUES (390, 10, 'org.javassist', 'javassist', '3.30.2-GA', 'STABLE_ONLY');
INSERT IGNORE INTO tb_dependency (id, project_id, group_id, artifact_id, version, new_version_notify_strategy) VALUES (391, 10, 'jakarta.ws.rs', 'jakarta.ws.rs-api', '3.1.0', 'STABLE_ONLY');
INSERT IGNORE INTO tb_dependency (id, project_id, group_id, artifact_id, version, new_version_notify_strategy) VALUES (392, 10, 'com.belerweb', 'pinyin4j', '2.5.1', 'STABLE_ONLY');
INSERT IGNORE INTO tb_dependency (id, project_id, group_id, artifact_id, version, new_version_notify_strategy) VALUES (393, 10, 'cn.hutool', 'hutool-core', '5.8.27', 'STABLE_ONLY');
INSERT IGNORE INTO tb_dependency (id, project_id, group_id, artifact_id, version, new_version_notify_strategy) VALUES (394, 10, 'cn.hutool', 'hutool-all', '5.8.27', 'STABLE_ONLY');
INSERT IGNORE INTO tb_dependency (id, project_id, group_id, artifact_id, version, new_version_notify_strategy) VALUES (395, 10, 'cn.hutool', 'hutool-http', '5.8.27', 'STABLE_ONLY');
INSERT IGNORE INTO tb_dependency (id, project_id, group_id, artifact_id, version, new_version_notify_strategy) VALUES (396, 10, 'com.google.guava', 'guava', '33.2.0-jre', 'STABLE_ONLY');
INSERT IGNORE INTO tb_dependency (id, project_id, group_id, artifact_id, version, new_version_notify_strategy) VALUES (397, 10, 'com.google.code.findbugs', 'annotations', '3.0.1_temp_removal_for_not_support_spring_boot_3', 'STABLE_ONLY');
INSERT IGNORE INTO tb_dependency (id, project_id, group_id, artifact_id, version, new_version_notify_strategy) VALUES (398, 10, 'net.java.dev.jna', 'jna', '5.14.0', 'STABLE_ONLY');
INSERT IGNORE INTO tb_dependency (id, project_id, group_id, artifact_id, version, new_version_notify_strategy) VALUES (399, 10, 'org.mapstruct', 'mapstruct', '1.5.5.Final', 'STABLE_ONLY');
INSERT IGNORE INTO tb_dependency (id, project_id, group_id, artifact_id, version, new_version_notify_strategy) VALUES (400, 10, 'org.mapstruct', 'mapstruct-processor', '1.5.5.Final', 'STABLE_ONLY');
INSERT IGNORE INTO tb_dependency (id, project_id, group_id, artifact_id, version, new_version_notify_strategy) VALUES (401, 10, 'com.alibaba', 'transmittable-thread-local', '2.14.5', 'STABLE_ONLY');
INSERT IGNORE INTO tb_dependency (id, project_id, group_id, artifact_id, version, new_version_notify_strategy) VALUES (402, 10, 'org.bouncycastle', 'bcprov-jdk18on', '1.78', 'STABLE_ONLY');
INSERT IGNORE INTO tb_dependency (id, project_id, group_id, artifact_id, version, new_version_notify_strategy) VALUES (403, 10, 'org.bouncycastle', 'bcpkix-jdk18on', '1.78', 'STABLE_ONLY');
INSERT IGNORE INTO tb_dependency (id, project_id, group_id, artifact_id, version, new_version_notify_strategy) VALUES (404, 10, 'org.apache.tika', 'tika-core', '2.9.2', 'STABLE_ONLY');
INSERT IGNORE INTO tb_dependency (id, project_id, group_id, artifact_id, version, new_version_notify_strategy) VALUES (405, 10, 'com.github.chris2018998', 'beecp', '3.5.0', 'STABLE_ONLY');
INSERT IGNORE INTO tb_dependency (id, project_id, group_id, artifact_id, version, new_version_notify_strategy) VALUES (406, 10, 'p6spy', 'p6spy', '3.9.1', 'STABLE_ONLY');
INSERT IGNORE INTO tb_dependency (id, project_id, group_id, artifact_id, version, new_version_notify_strategy) VALUES (407, 10, 'com.mysql', 'mysql-connector-j', '8.3.0', 'STABLE_ONLY');
INSERT IGNORE INTO tb_dependency (id, project_id, group_id, artifact_id, version, new_version_notify_strategy) VALUES (408, 10, 'com.h2database', 'h2', '2.2.224', 'STABLE_ONLY');
INSERT IGNORE INTO tb_dependency (id, project_id, group_id, artifact_id, version, new_version_notify_strategy) VALUES (409, 10, 'com.github.codemonstur', 'embedded-redis', '1.4.3', 'STABLE_ONLY');
INSERT IGNORE INTO tb_dependency (id, project_id, group_id, artifact_id, version, new_version_notify_strategy) VALUES (410, 10, 'com.baomidou', 'mybatis-plus-spring-boot3-starter', '3.5.6', 'STABLE_ONLY');
INSERT IGNORE INTO tb_dependency (id, project_id, group_id, artifact_id, version, new_version_notify_strategy) VALUES (411, 10, 'com.baomidou', 'mybatis-plus-generator', '3.5.6', 'STABLE_ONLY');
INSERT IGNORE INTO tb_dependency (id, project_id, group_id, artifact_id, version, new_version_notify_strategy) VALUES (412, 10, 'com.baomidou', 'mybatis-plus-annotation', '3.5.6', 'STABLE_ONLY');
INSERT IGNORE INTO tb_dependency (id, project_id, group_id, artifact_id, version, new_version_notify_strategy) VALUES (413, 10, 'org.freemarker', 'freemarker', '2.3.32', 'STABLE_ONLY');
INSERT IGNORE INTO tb_dependency (id, project_id, group_id, artifact_id, version, new_version_notify_strategy) VALUES (414, 10, 'org.apache.velocity', 'velocity-engine-core', '2.3', 'STABLE_ONLY');
INSERT IGNORE INTO tb_dependency (id, project_id, group_id, artifact_id, version, new_version_notify_strategy) VALUES (415, 10, 'com.github.pagehelper', 'pagehelper', '6.1.0', 'STABLE_ONLY');
INSERT IGNORE INTO tb_dependency (id, project_id, group_id, artifact_id, version, new_version_notify_strategy) VALUES (416, 10, 'com.github.pagehelper', 'pagehelper-spring-boot-starter', '2.1.0', 'STABLE_ONLY');
INSERT IGNORE INTO tb_dependency (id, project_id, group_id, artifact_id, version, new_version_notify_strategy) VALUES (417, 10, 'org.mockito', 'mockito-all', '1.10.19', 'STABLE_ONLY');
INSERT IGNORE INTO tb_dependency (id, project_id, group_id, artifact_id, version, new_version_notify_strategy) VALUES (418, 10, 'org.powermock', 'powermock-module-junit4', '2.0.9', 'STABLE_ONLY');
INSERT IGNORE INTO tb_dependency (id, project_id, group_id, artifact_id, version, new_version_notify_strategy) VALUES (419, 10, 'org.powermock', 'powermock-api-mockito', '2.0.9', 'STABLE_ONLY');
INSERT IGNORE INTO tb_dependency (id, project_id, group_id, artifact_id, version, new_version_notify_strategy) VALUES (420, 10, 'org.powermock', 'powermock-api-mockito2', '2.0.9', 'STABLE_ONLY');
INSERT IGNORE INTO tb_dependency (id, project_id, group_id, artifact_id, version, new_version_notify_strategy) VALUES (421, 29, 'cn.itlym.platform', 'shoulder-platform-common', '1.0-SNAPSHOT', 'STABLE_ONLY');
INSERT IGNORE INTO tb_dependency (id, project_id, group_id, artifact_id, version, new_version_notify_strategy) VALUES (422, 29, 'com.alibaba.cloud', 'spring-cloud-alibaba-dependencies', '2023.0.1.0', 'STABLE_ONLY');
INSERT IGNORE INTO tb_dependency (id, project_id, group_id, artifact_id, version, new_version_notify_strategy) VALUES (423, 29, 'cn.itlym', 'shoulder-parent', '0.8-SNAPSHOT', 'STABLE_ONLY');
INSERT IGNORE INTO tb_dependency (id, project_id, group_id, artifact_id, version, new_version_notify_strategy) VALUES (424, 29, 'cn.itlym.platform', 'shoulder-platform-starter-config-client', '1.0-SNAPSHOT', 'STABLE_ONLY');
INSERT IGNORE INTO tb_dependency (id, project_id, group_id, artifact_id, version, new_version_notify_strategy) VALUES (425, 29, 'cn.itlym.platform', 'shoulder-platform-starter-db', '1.0-SNAPSHOT', 'STABLE_ONLY');
INSERT IGNORE INTO tb_dependency (id, project_id, group_id, artifact_id, version, new_version_notify_strategy) VALUES (426, 29, 'cn.itlym.platform', 'shoulder-platform-starter-discovery-client', '1.0-SNAPSHOT', 'STABLE_ONLY');
INSERT IGNORE INTO tb_dependency (id, project_id, group_id, artifact_id, version, new_version_notify_strategy) VALUES (427, 29, 'cn.itlym.platform', 'shoulder-platform-starter-job', '1.0-SNAPSHOT', 'STABLE_ONLY');
INSERT IGNORE INTO tb_dependency (id, project_id, group_id, artifact_id, version, new_version_notify_strategy) VALUES (428, 29, 'cn.itlym.platform', 'shoulder-platform-starter-rpc-client', '1.0-SNAPSHOT', 'STABLE_ONLY');
INSERT IGNORE INTO tb_dependency (id, project_id, group_id, artifact_id, version, new_version_notify_strategy) VALUES (429, 29, 'cn.itlym.platform', 'shoulder-platform-starter-rpc-server', '1.0-SNAPSHOT', 'STABLE_ONLY');
INSERT IGNORE INTO tb_dependency (id, project_id, group_id, artifact_id, version, new_version_notify_strategy) VALUES (430, 29, 'cn.itlym.platform', 'shoulder-platform-starter-monitor', '1.0-SNAPSHOT', 'STABLE_ONLY');
INSERT IGNORE INTO tb_dependency (id, project_id, group_id, artifact_id, version, new_version_notify_strategy) VALUES (431, 29, 'cn.itlym.platform', 'shoulder-platform-starter-mq', '1.0-SNAPSHOT', 'STABLE_ONLY');
INSERT IGNORE INTO tb_dependency (id, project_id, group_id, artifact_id, version, new_version_notify_strategy) VALUES (432, 29, 'cn.itlym.platform', 'shoulder-platform-starter-trace', '1.0-SNAPSHOT', 'STABLE_ONLY');
INSERT IGNORE INTO tb_dependency (id, project_id, group_id, artifact_id, version, new_version_notify_strategy) VALUES (433, 29, 'cn.itlym.platform', 'shoulder-platform-starter-micro', '1.0-SNAPSHOT', 'STABLE_ONLY');
INSERT IGNORE INTO tb_dependency (id, project_id, group_id, artifact_id, version, new_version_notify_strategy) VALUES (434, 29, 'cn.itlym.platform', 'shoulder-sms-aliyun-spring-boot-starter', '1.0-SNAPSHOT', 'STABLE_ONLY');
INSERT IGNORE INTO tb_dependency (id, project_id, group_id, artifact_id, version, new_version_notify_strategy) VALUES (435, 29, 'com.alibaba', 'fastjson', '1.2.83_noneautotype', 'STABLE_ONLY');
INSERT IGNORE INTO tb_dependency (id, project_id, group_id, artifact_id, version, new_version_notify_strategy) VALUES (436, 29, 'com.alibaba.fastjson2', 'fastjson2', '1.2.83_noneautotype', 'STABLE_ONLY');
INSERT IGNORE INTO tb_dependency (id, project_id, group_id, artifact_id, version, new_version_notify_strategy) VALUES (437, 29, 'com.alibaba.nacos', 'nacos-client', '2.3.2', 'STABLE_ONLY');
INSERT IGNORE INTO tb_dependency (id, project_id, group_id, artifact_id, version, new_version_notify_strategy) VALUES (438, 29, 'de.codecentric', 'spring-boot-admin-starter-client', '3.2.3', 'STABLE_ONLY');
INSERT IGNORE INTO tb_dependency (id, project_id, group_id, artifact_id, version, new_version_notify_strategy) VALUES (439, 29, 'io.micrometer', 'micrometer-registry-prometheus', '1.13.0', 'STABLE_ONLY');
INSERT IGNORE INTO tb_dependency (id, project_id, group_id, artifact_id, version, new_version_notify_strategy) VALUES (440, 29, 'io.minio', 'minio', '8.5.10', 'STABLE_ONLY');
INSERT IGNORE INTO tb_dependency (id, project_id, group_id, artifact_id, version, new_version_notify_strategy) VALUES (441, 29, 'org.apache.maven.plugins', 'maven-resources-plugin', '3.3.1', 'STABLE_ONLY');
INSERT IGNORE INTO tb_dependency (id, project_id, group_id, artifact_id, version, new_version_notify_strategy) VALUES (442, 29, 'org.springframework.boot', 'spring-boot-maven-plugin', '3.2.4', 'STABLE_ONLY');
INSERT IGNORE INTO tb_dependency (id, project_id, group_id, artifact_id, version, new_version_notify_strategy) VALUES (443, 29, 'com.spotify', 'dockerfile-maven-plugin', '1.4.13', 'STABLE_ONLY');
INSERT IGNORE INTO tb_dependency (id, project_id, group_id, artifact_id, version, new_version_notify_strategy) VALUES (444, 30, 'cn.itlym.platform', 'shoulder-platform-common', '1.0-SNAPSHOT', 'STABLE_ONLY');
INSERT IGNORE INTO tb_dependency (id, project_id, group_id, artifact_id, version, new_version_notify_strategy) VALUES (445, 30, 'com.alibaba.cloud', 'spring-cloud-alibaba-dependencies', '2023.0.1.0', 'STABLE_ONLY');
INSERT IGNORE INTO tb_dependency (id, project_id, group_id, artifact_id, version, new_version_notify_strategy) VALUES (446, 30, 'cn.itlym', 'shoulder-parent', '0.8-SNAPSHOT', 'STABLE_ONLY');
INSERT IGNORE INTO tb_dependency (id, project_id, group_id, artifact_id, version, new_version_notify_strategy) VALUES (447, 30, 'cn.itlym.platform', 'shoulder-platform-starter-config-client', '1.0-SNAPSHOT', 'STABLE_ONLY');
INSERT IGNORE INTO tb_dependency (id, project_id, group_id, artifact_id, version, new_version_notify_strategy) VALUES (448, 30, 'cn.itlym.platform', 'shoulder-platform-starter-db', '1.0-SNAPSHOT', 'STABLE_ONLY');
INSERT IGNORE INTO tb_dependency (id, project_id, group_id, artifact_id, version, new_version_notify_strategy) VALUES (449, 30, 'cn.itlym.platform', 'shoulder-platform-starter-discovery-client', '1.0-SNAPSHOT', 'STABLE_ONLY');
INSERT IGNORE INTO tb_dependency (id, project_id, group_id, artifact_id, version, new_version_notify_strategy) VALUES (450, 30, 'cn.itlym.platform', 'shoulder-platform-starter-job', '1.0-SNAPSHOT', 'STABLE_ONLY');
INSERT IGNORE INTO tb_dependency (id, project_id, group_id, artifact_id, version, new_version_notify_strategy) VALUES (451, 30, 'cn.itlym.platform', 'shoulder-platform-starter-rpc-client', '1.0-SNAPSHOT', 'STABLE_ONLY');
INSERT IGNORE INTO tb_dependency (id, project_id, group_id, artifact_id, version, new_version_notify_strategy) VALUES (452, 30, 'cn.itlym.platform', 'shoulder-platform-starter-rpc-server', '1.0-SNAPSHOT', 'STABLE_ONLY');
INSERT IGNORE INTO tb_dependency (id, project_id, group_id, artifact_id, version, new_version_notify_strategy) VALUES (453, 30, 'cn.itlym.platform', 'shoulder-platform-starter-monitor', '1.0-SNAPSHOT', 'STABLE_ONLY');
INSERT IGNORE INTO tb_dependency (id, project_id, group_id, artifact_id, version, new_version_notify_strategy) VALUES (454, 30, 'cn.itlym.platform', 'shoulder-platform-starter-mq', '1.0-SNAPSHOT', 'STABLE_ONLY');
INSERT IGNORE INTO tb_dependency (id, project_id, group_id, artifact_id, version, new_version_notify_strategy) VALUES (455, 30, 'cn.itlym.platform', 'shoulder-platform-starter-trace', '1.0-SNAPSHOT', 'STABLE_ONLY');
INSERT IGNORE INTO tb_dependency (id, project_id, group_id, artifact_id, version, new_version_notify_strategy) VALUES (456, 30, 'cn.itlym.platform', 'shoulder-platform-starter-micro', '1.0-SNAPSHOT', 'STABLE_ONLY');
INSERT IGNORE INTO tb_dependency (id, project_id, group_id, artifact_id, version, new_version_notify_strategy) VALUES (457, 30, 'cn.itlym.platform', 'shoulder-sms-aliyun-spring-boot-starter', '1.0-SNAPSHOT', 'STABLE_ONLY');
INSERT IGNORE INTO tb_dependency (id, project_id, group_id, artifact_id, version, new_version_notify_strategy) VALUES (458, 30, 'com.alibaba', 'fastjson', '1.2.83_noneautotype', 'STABLE_ONLY');
INSERT IGNORE INTO tb_dependency (id, project_id, group_id, artifact_id, version, new_version_notify_strategy) VALUES (459, 30, 'com.alibaba.fastjson2', 'fastjson2', '1.2.83_noneautotype', 'STABLE_ONLY');
INSERT IGNORE INTO tb_dependency (id, project_id, group_id, artifact_id, version, new_version_notify_strategy) VALUES (460, 30, 'com.alibaba.nacos', 'nacos-client', '2.3.2', 'STABLE_ONLY');
INSERT IGNORE INTO tb_dependency (id, project_id, group_id, artifact_id, version, new_version_notify_strategy) VALUES (461, 30, 'de.codecentric', 'spring-boot-admin-starter-client', '3.2.3', 'STABLE_ONLY');
INSERT IGNORE INTO tb_dependency (id, project_id, group_id, artifact_id, version, new_version_notify_strategy) VALUES (462, 30, 'io.micrometer', 'micrometer-registry-prometheus', '1.13.0', 'STABLE_ONLY');
INSERT IGNORE INTO tb_dependency (id, project_id, group_id, artifact_id, version, new_version_notify_strategy) VALUES (463, 30, 'io.minio', 'minio', '8.5.10', 'STABLE_ONLY');
INSERT IGNORE INTO tb_dependency (id, project_id, group_id, artifact_id, version, new_version_notify_strategy) VALUES (464, 30, 'org.apache.maven.plugins', 'maven-resources-plugin', '3.3.1', 'STABLE_ONLY');
INSERT IGNORE INTO tb_dependency (id, project_id, group_id, artifact_id, version, new_version_notify_strategy) VALUES (465, 30, 'org.springframework.boot', 'spring-boot-maven-plugin', '3.2.4', 'STABLE_ONLY');
INSERT IGNORE INTO tb_dependency (id, project_id, group_id, artifact_id, version, new_version_notify_strategy) VALUES (466, 30, 'com.spotify', 'dockerfile-maven-plugin', '1.4.13', 'STABLE_ONLY');

-- third_project
INSERT IGNORE INTO tb_third_project (group_id, artifact_id, version, stable_version, name, description, home_url, change_log_url, open_source_protocol, stable_version_pattern, version_rule, status, update_time) VALUES ('cn.hutool', 'hutool-all', '5.8.27', '5.8.27', null, null, 'https://gitee.com/dromara/hutool', 'https://gitee.com/dromara/hutool/blob/v5-master/CHANGELOG.md', null, '.*', 'x.y.z', 'NORMAL', '2024-05-22 16:00:00');
INSERT IGNORE INTO tb_third_project (group_id, artifact_id, version, stable_version, name, description, home_url, change_log_url, open_source_protocol, stable_version_pattern, version_rule, status, update_time) VALUES ('cn.hutool', 'hutool-core', '5.8.27', '5.8.27', null, null, null, null, null, '.*', 'x.y.z', 'NORMAL', '2024-05-22 16:00:01');
INSERT IGNORE INTO tb_third_project (group_id, artifact_id, version, stable_version, name, description, home_url, change_log_url, open_source_protocol, stable_version_pattern, version_rule, status, update_time) VALUES ('cn.hutool', 'hutool-http', '5.8.27', '5.8.27', null, null, null, null, null, '.*', 'x.y.z', 'NORMAL', '2024-05-22 16:00:01');
INSERT IGNORE INTO tb_third_project (group_id, artifact_id, version, stable_version, name, description, home_url, change_log_url, open_source_protocol, stable_version_pattern, version_rule, status, update_time) VALUES ('cn.itlym', 'shoulder-api-doc', '0.7.1', '0.7.1', null, null, null, null, null, '.*', 'x.y.z', 'NORMAL', '2024-05-22 16:00:02');
INSERT IGNORE INTO tb_third_project (group_id, artifact_id, version, stable_version, name, description, home_url, change_log_url, open_source_protocol, stable_version_pattern, version_rule, status, update_time) VALUES ('cn.itlym', 'shoulder-autoconfiguration', '0.8', '0.8', null, null, null, null, null, '.*', 'x.y.z', 'NORMAL', '2024-05-22 16:00:02');
INSERT IGNORE INTO tb_third_project (group_id, artifact_id, version, stable_version, name, description, home_url, change_log_url, open_source_protocol, stable_version_pattern, version_rule, status, update_time) VALUES ('cn.itlym', 'shoulder-batch', '0.8', '0.8', null, null, null, null, null, '.*', 'x.y.z', 'NORMAL', '2024-05-22 16:00:02');
INSERT IGNORE INTO tb_third_project (group_id, artifact_id, version, stable_version, name, description, home_url, change_log_url, open_source_protocol, stable_version_pattern, version_rule, status, update_time) VALUES ('cn.itlym', 'shoulder-cluster', '0.8', '0.8', null, null, null, null, null, '.*', 'x.y.z', 'NORMAL', '2024-05-22 16:00:02');
INSERT IGNORE INTO tb_third_project (group_id, artifact_id, version, stable_version, name, description, home_url, change_log_url, open_source_protocol, stable_version_pattern, version_rule, status, update_time) VALUES ('cn.itlym', 'shoulder-core', '0.8', '0.8', null, null, null, null, null, '.*', 'x.y.z', 'NORMAL', '2024-05-22 16:00:02');
INSERT IGNORE INTO tb_third_project (group_id, artifact_id, version, stable_version, name, description, home_url, change_log_url, open_source_protocol, stable_version_pattern, version_rule, status, update_time) VALUES ('cn.itlym', 'shoulder-crypto', '0.8', '0.8', null, null, null, null, null, '.*', 'x.y.z', 'NORMAL', '2024-05-22 16:00:02');
INSERT IGNORE INTO tb_third_project (group_id, artifact_id, version, stable_version, name, description, home_url, change_log_url, open_source_protocol, stable_version_pattern, version_rule, status, update_time) VALUES ('cn.itlym', 'shoulder-crypto-negotiation', '0.8', '0.8', null, null, null, null, null, '.*', 'x.y.z', 'NORMAL', '2024-05-22 16:00:02');
INSERT IGNORE INTO tb_third_project (group_id, artifact_id, version, stable_version, name, description, home_url, change_log_url, open_source_protocol, stable_version_pattern, version_rule, status, update_time) VALUES ('cn.itlym', 'shoulder-data-db', '0.8', '0.8', null, null, null, null, null, '.*', 'x.y.z', 'NORMAL', '2024-05-22 16:00:02');
INSERT IGNORE INTO tb_third_project (group_id, artifact_id, version, stable_version, name, description, home_url, change_log_url, open_source_protocol, stable_version_pattern, version_rule, status, update_time) VALUES ('cn.itlym', 'shoulder-dependencies', '0.8', '0.8', null, null, null, null, null, '.*', 'x.y.z', 'NORMAL', '2024-05-22 16:00:02');
INSERT IGNORE INTO tb_third_project (group_id, artifact_id, version, stable_version, name, description, home_url, change_log_url, open_source_protocol, stable_version_pattern, version_rule, status, update_time) VALUES ('cn.itlym', 'shoulder-ext-autoconfiguration', '0.7.1', '0.7.1', null, null, null, null, null, '.*', 'x.y.z', 'NORMAL', '2024-05-22 16:00:02');
INSERT IGNORE INTO tb_third_project (group_id, artifact_id, version, stable_version, name, description, home_url, change_log_url, open_source_protocol, stable_version_pattern, version_rule, status, update_time) VALUES ('cn.itlym', 'shoulder-ext-common', '0.7.1', '0.7.1', null, null, null, null, null, '.*', 'x.y.z', 'NORMAL', '2024-05-22 16:00:02');
INSERT IGNORE INTO tb_third_project (group_id, artifact_id, version, stable_version, name, description, home_url, change_log_url, open_source_protocol, stable_version_pattern, version_rule, status, update_time) VALUES ('cn.itlym', 'shoulder-ext-config', '0.7.1', '0.7.1', null, null, null, null, null, '.*', 'x.y.z', 'NORMAL', '2024-05-22 16:00:03');
INSERT IGNORE INTO tb_third_project (group_id, artifact_id, version, stable_version, name, description, home_url, change_log_url, open_source_protocol, stable_version_pattern, version_rule, status, update_time) VALUES ('cn.itlym', 'shoulder-ext-dictionary', '0.7.1', '0.7.1', null, null, null, null, null, '.*', 'x.y.z', 'NORMAL', '2024-05-22 16:00:03');
INSERT IGNORE INTO tb_third_project (group_id, artifact_id, version, stable_version, name, description, home_url, change_log_url, open_source_protocol, stable_version_pattern, version_rule, status, update_time) VALUES ('cn.itlym', 'shoulder-framework', '0.8', '0.8', null, null, null, null, null, '.*', 'x.y.z', 'NORMAL', '2024-05-22 16:00:03');
INSERT IGNORE INTO tb_third_project (group_id, artifact_id, version, stable_version, name, description, home_url, change_log_url, open_source_protocol, stable_version_pattern, version_rule, status, update_time) VALUES ('cn.itlym', 'shoulder-http', '0.8', '0.8', null, null, null, null, null, '.*', 'x.y.z', 'NORMAL', '2024-05-22 16:00:03');
INSERT IGNORE INTO tb_third_project (group_id, artifact_id, version, stable_version, name, description, home_url, change_log_url, open_source_protocol, stable_version_pattern, version_rule, status, update_time) VALUES ('cn.itlym', 'shoulder-monitor', '0.8', '0.8', null, null, null, null, null, '.*', 'x.y.z', 'NORMAL', '2024-05-22 16:00:03');
INSERT IGNORE INTO tb_third_project (group_id, artifact_id, version, stable_version, name, description, home_url, change_log_url, open_source_protocol, stable_version_pattern, version_rule, status, update_time) VALUES ('cn.itlym', 'shoulder-operation-log', '0.8', '0.8', null, null, null, null, null, '.*', 'x.y.z', 'NORMAL', '2024-05-22 16:00:03');
INSERT IGNORE INTO tb_third_project (group_id, artifact_id, version, stable_version, name, description, home_url, change_log_url, open_source_protocol, stable_version_pattern, version_rule, status, update_time) VALUES ('cn.itlym', 'shoulder-parent', '0.8', '0.8', null, null, null, null, null, '.*', 'x.y.z', 'NORMAL', '2024-05-22 16:00:04');
INSERT IGNORE INTO tb_third_project (group_id, artifact_id, version, stable_version, name, description, home_url, change_log_url, open_source_protocol, stable_version_pattern, version_rule, status, update_time) VALUES ('cn.itlym', 'shoulder-security', '0.8', '0.8', null, null, null, null, null, '.*', 'x.y.z', 'NORMAL', '2024-05-22 16:00:04');
INSERT IGNORE INTO tb_third_project (group_id, artifact_id, version, stable_version, name, description, home_url, change_log_url, open_source_protocol, stable_version_pattern, version_rule, status, update_time) VALUES ('cn.itlym', 'shoulder-security-code', '0.8', '0.8', null, null, null, null, null, '.*', 'x.y.z', 'NORMAL', '2024-05-22 16:00:04');
INSERT IGNORE INTO tb_third_project (group_id, artifact_id, version, stable_version, name, description, home_url, change_log_url, open_source_protocol, stable_version_pattern, version_rule, status, update_time) VALUES ('cn.itlym', 'shoulder-starter', '0.8', '0.8', null, null, null, null, null, '.*', 'x.y.z', 'NORMAL', '2024-05-22 16:00:04');
INSERT IGNORE INTO tb_third_project (group_id, artifact_id, version, stable_version, name, description, home_url, change_log_url, open_source_protocol, stable_version_pattern, version_rule, status, update_time) VALUES ('cn.itlym', 'shoulder-starter-auth-server', '0.8', '0.8', null, null, null, null, null, '.*', 'x.y.z', 'NORMAL', '2024-05-22 16:00:04');
INSERT IGNORE INTO tb_third_project (group_id, artifact_id, version, stable_version, name, description, home_url, change_log_url, open_source_protocol, stable_version_pattern, version_rule, status, update_time) VALUES ('cn.itlym', 'shoulder-starter-auth-session', '0.8', '0.8', null, null, null, null, null, '.*', 'x.y.z', 'NORMAL', '2024-05-22 16:00:04');
INSERT IGNORE INTO tb_third_project (group_id, artifact_id, version, stable_version, name, description, home_url, change_log_url, open_source_protocol, stable_version_pattern, version_rule, status, update_time) VALUES ('cn.itlym', 'shoulder-starter-auth-token', '0.8', '0.8', null, null, null, null, null, '.*', 'x.y.z', 'NORMAL', '2024-05-22 16:00:04');
INSERT IGNORE INTO tb_third_project (group_id, artifact_id, version, stable_version, name, description, home_url, change_log_url, open_source_protocol, stable_version_pattern, version_rule, status, update_time) VALUES ('cn.itlym', 'shoulder-starter-beanmap', '0.8', '0.8', null, null, null, null, null, '.*', 'x.y.z', 'NORMAL', '2024-05-22 16:00:04');
INSERT IGNORE INTO tb_third_project (group_id, artifact_id, version, stable_version, name, description, home_url, change_log_url, open_source_protocol, stable_version_pattern, version_rule, status, update_time) VALUES ('cn.itlym', 'shoulder-starter-crypto', '0.8', '0.8', null, null, null, null, null, '.*', 'x.y.z', 'NORMAL', '2024-05-22 16:00:04');
INSERT IGNORE INTO tb_third_project (group_id, artifact_id, version, stable_version, name, description, home_url, change_log_url, open_source_protocol, stable_version_pattern, version_rule, status, update_time) VALUES ('cn.itlym', 'shoulder-starter-monitor', '0.8', '0.8', null, null, null, null, null, '.*', 'x.y.z', 'NORMAL', '2024-05-22 16:00:05');
INSERT IGNORE INTO tb_third_project (group_id, artifact_id, version, stable_version, name, description, home_url, change_log_url, open_source_protocol, stable_version_pattern, version_rule, status, update_time) VALUES ('cn.itlym', 'shoulder-starter-mysql', '0.8', '0.8', null, null, null, null, null, '.*', 'x.y.z', 'NORMAL', '2024-05-22 16:00:05');
INSERT IGNORE INTO tb_third_project (group_id, artifact_id, version, stable_version, name, description, home_url, change_log_url, open_source_protocol, stable_version_pattern, version_rule, status, update_time) VALUES ('cn.itlym', 'shoulder-starter-operation-log', '0.8', '0.8', null, null, null, null, null, '.*', 'x.y.z', 'NORMAL', '2024-05-22 16:00:05');
INSERT IGNORE INTO tb_third_project (group_id, artifact_id, version, stable_version, name, description, home_url, change_log_url, open_source_protocol, stable_version_pattern, version_rule, status, update_time) VALUES ('cn.itlym', 'shoulder-starter-security-code', '0.8', '0.8', null, null, null, null, null, '.*', 'x.y.z', 'NORMAL', '2024-05-22 16:00:05');
INSERT IGNORE INTO tb_third_project (group_id, artifact_id, version, stable_version, name, description, home_url, change_log_url, open_source_protocol, stable_version_pattern, version_rule, status, update_time) VALUES ('cn.itlym', 'shoulder-starter-web', '0.8', '0.8', null, null, null, null, null, '.*', 'x.y.z', 'NORMAL', '2024-05-22 16:00:05');
INSERT IGNORE INTO tb_third_project (group_id, artifact_id, version, stable_version, name, description, home_url, change_log_url, open_source_protocol, stable_version_pattern, version_rule, status, update_time) VALUES ('cn.itlym', 'shoulder-validation', '0.8', '0.8', null, null, null, null, null, '.*', 'x.y.z', 'NORMAL', '2024-05-22 16:00:05');
INSERT IGNORE INTO tb_third_project (group_id, artifact_id, version, stable_version, name, description, home_url, change_log_url, open_source_protocol, stable_version_pattern, version_rule, status, update_time) VALUES ('cn.itlym', 'shoulder-web', '0.8', '0.8', null, null, null, null, null, '.*', 'x.y.z', 'NORMAL', '2024-05-22 16:00:05');
INSERT IGNORE INTO tb_third_project (group_id, artifact_id, version, stable_version, name, description, home_url, change_log_url, open_source_protocol, stable_version_pattern, version_rule, status, update_time) VALUES ('cn.itlym.platform', 'shoulder-platform-common', null, null, null, null, null, null, null, '.*', 'x.y.z', 'EXCEPTION', '2024-05-22 16:00:05');
INSERT IGNORE INTO tb_third_project (group_id, artifact_id, version, stable_version, name, description, home_url, change_log_url, open_source_protocol, stable_version_pattern, version_rule, status, update_time) VALUES ('cn.itlym.platform', 'shoulder-platform-starter-config-client', null, null, null, null, null, null, null, '.*', 'x.y.z', 'EXCEPTION', '2024-05-22 16:00:06');
INSERT IGNORE INTO tb_third_project (group_id, artifact_id, version, stable_version, name, description, home_url, change_log_url, open_source_protocol, stable_version_pattern, version_rule, status, update_time) VALUES ('cn.itlym.platform', 'shoulder-platform-starter-db', null, null, null, null, null, null, null, '.*', 'x.y.z', 'EXCEPTION', '2024-05-22 16:00:06');
INSERT IGNORE INTO tb_third_project (group_id, artifact_id, version, stable_version, name, description, home_url, change_log_url, open_source_protocol, stable_version_pattern, version_rule, status, update_time) VALUES ('cn.itlym.platform', 'shoulder-platform-starter-discovery-client', null, null, null, null, null, null, null, '.*', 'x.y.z', 'EXCEPTION', '2024-05-22 16:00:06');
INSERT IGNORE INTO tb_third_project (group_id, artifact_id, version, stable_version, name, description, home_url, change_log_url, open_source_protocol, stable_version_pattern, version_rule, status, update_time) VALUES ('cn.itlym.platform', 'shoulder-platform-starter-job', null, null, null, null, null, null, null, '.*', 'x.y.z', 'EXCEPTION', '2024-05-22 16:00:06');
INSERT IGNORE INTO tb_third_project (group_id, artifact_id, version, stable_version, name, description, home_url, change_log_url, open_source_protocol, stable_version_pattern, version_rule, status, update_time) VALUES ('cn.itlym.platform', 'shoulder-platform-starter-micro', null, null, null, null, null, null, null, '.*', 'x.y.z', 'EXCEPTION', '2024-05-22 16:00:06');
INSERT IGNORE INTO tb_third_project (group_id, artifact_id, version, stable_version, name, description, home_url, change_log_url, open_source_protocol, stable_version_pattern, version_rule, status, update_time) VALUES ('cn.itlym.platform', 'shoulder-platform-starter-monitor', null, null, null, null, null, null, null, '.*', 'x.y.z', 'EXCEPTION', '2024-05-22 16:00:06');
INSERT IGNORE INTO tb_third_project (group_id, artifact_id, version, stable_version, name, description, home_url, change_log_url, open_source_protocol, stable_version_pattern, version_rule, status, update_time) VALUES ('cn.itlym.platform', 'shoulder-platform-starter-mq', null, null, null, null, null, null, null, '.*', 'x.y.z', 'EXCEPTION', '2024-05-22 16:00:06');
INSERT IGNORE INTO tb_third_project (group_id, artifact_id, version, stable_version, name, description, home_url, change_log_url, open_source_protocol, stable_version_pattern, version_rule, status, update_time) VALUES ('cn.itlym.platform', 'shoulder-platform-starter-rpc-client', null, null, null, null, null, null, null, '.*', 'x.y.z', 'EXCEPTION', '2024-05-22 16:00:06');
INSERT IGNORE INTO tb_third_project (group_id, artifact_id, version, stable_version, name, description, home_url, change_log_url, open_source_protocol, stable_version_pattern, version_rule, status, update_time) VALUES ('cn.itlym.platform', 'shoulder-platform-starter-rpc-server', null, null, null, null, null, null, null, '.*', 'x.y.z', 'EXCEPTION', '2024-05-22 16:00:06');
INSERT IGNORE INTO tb_third_project (group_id, artifact_id, version, stable_version, name, description, home_url, change_log_url, open_source_protocol, stable_version_pattern, version_rule, status, update_time) VALUES ('cn.itlym.platform', 'shoulder-platform-starter-trace', null, null, null, null, null, null, null, '.*', 'x.y.z', 'EXCEPTION', '2024-05-22 16:00:06');
INSERT IGNORE INTO tb_third_project (group_id, artifact_id, version, stable_version, name, description, home_url, change_log_url, open_source_protocol, stable_version_pattern, version_rule, status, update_time) VALUES ('cn.itlym.platform', 'shoulder-sms-aliyun-spring-boot-starter', null, null, null, null, null, null, null, '.*', 'x.y.z', 'EXCEPTION', '2024-05-22 16:00:06');
INSERT IGNORE INTO tb_third_project (group_id, artifact_id, version, stable_version, name, description, home_url, change_log_url, open_source_protocol, stable_version_pattern, version_rule, status, update_time) VALUES ('cn.itlym.shoulder', 'lombok', '0.1', '0.1', null, null, null, null, null, '.*', 'x.y.z', 'NORMAL', '2024-05-22 16:00:07');
INSERT IGNORE INTO tb_third_project (group_id, artifact_id, version, stable_version, name, description, home_url, change_log_url, open_source_protocol, stable_version_pattern, version_rule, status, update_time) VALUES ('cn.itlym.shoulder', 'shoulder-maven-plugin', '1.2.1', '1.2.1', null, null, null, null, null, '.*', 'x.y.z', 'NORMAL', '2024-05-22 16:00:07');
INSERT IGNORE INTO tb_third_project (group_id, artifact_id, version, stable_version, name, description, home_url, change_log_url, open_source_protocol, stable_version_pattern, version_rule, status, update_time) VALUES ('com.alibaba', 'druid-spring-boot-starter', '1.2.22', '1.2.22', null, null, null, null, null, '.*', 'x.y.z', 'NORMAL', '2024-05-22 16:00:07');
INSERT IGNORE INTO tb_third_project (group_id, artifact_id, version, stable_version, name, description, home_url, change_log_url, open_source_protocol, stable_version_pattern, version_rule, status, update_time) VALUES ('com.alibaba', 'fastjson', '2.0.50', '2.0.50', null, null, null, null, null, '.*', 'x.y.z', 'NORMAL', '2024-05-22 16:00:07');
INSERT IGNORE INTO tb_third_project (group_id, artifact_id, version, stable_version, name, description, home_url, change_log_url, open_source_protocol, stable_version_pattern, version_rule, status, update_time) VALUES ('com.alibaba', 'transmittable-thread-local', '2.14.5', '2.14.5', null, null, 'https://github.com/alibaba/transmittable-thread-local', 'https://github.com/alibaba/transmittable-thread-local/releases', null, '.*', 'x.y.z', 'NORMAL', '2024-05-22 16:00:07');
INSERT IGNORE INTO tb_third_project (group_id, artifact_id, version, stable_version, name, description, home_url, change_log_url, open_source_protocol, stable_version_pattern, version_rule, status, update_time) VALUES ('com.alibaba.cloud', 'spring-cloud-alibaba-dependencies', '2023.0.1.0', '2023.0.1.0', null, null, null, null, null, '.*', 'x.y.z', 'NORMAL', '2024-05-22 16:00:08');
INSERT IGNORE INTO tb_third_project (group_id, artifact_id, version, stable_version, name, description, home_url, change_log_url, open_source_protocol, stable_version_pattern, version_rule, status, update_time) VALUES ('com.alibaba.fastjson2', 'fastjson2', '2.0.50.android8', '2.0.50.android8', null, null, null, null, null, '.*', 'x.y.z', 'NORMAL', '2024-05-22 16:00:08');
INSERT IGNORE INTO tb_third_project (group_id, artifact_id, version, stable_version, name, description, home_url, change_log_url, open_source_protocol, stable_version_pattern, version_rule, status, update_time) VALUES ('com.alibaba.nacos', 'nacos-client', '2.3.2', '2.3.2', null, null, null, null, null, '.*', 'x.y.z', 'NORMAL', '2024-05-22 16:00:09');
INSERT IGNORE INTO tb_third_project (group_id, artifact_id, version, stable_version, name, description, home_url, change_log_url, open_source_protocol, stable_version_pattern, version_rule, status, update_time) VALUES ('com.aliyun.oss', 'aliyun-sdk-oss', '3.17.4', '3.17.4', null, null, null, null, null, '.*', 'x.y.z', 'NORMAL', '2024-05-22 16:00:09');
INSERT IGNORE INTO tb_third_project (group_id, artifact_id, version, stable_version, name, description, home_url, change_log_url, open_source_protocol, stable_version_pattern, version_rule, status, update_time) VALUES ('com.baomidou', 'mybatis-plus-annotation', '3.5.6', '3.5.6', null, null, null, null, null, '.*', 'x.y.z', 'NORMAL', '2024-05-22 16:00:09');
INSERT IGNORE INTO tb_third_project (group_id, artifact_id, version, stable_version, name, description, home_url, change_log_url, open_source_protocol, stable_version_pattern, version_rule, status, update_time) VALUES ('com.baomidou', 'mybatis-plus-boot-starter', '3.5.6', '3.5.6', null, null, 'https://github.com/baomidou/mybatis-plus', 'https://github.com/baomidou/mybatis-plus/blob/3.0/CHANGELOG.md', null, '.*', 'x.y.z', 'NORMAL', '2024-05-22 16:00:10');
INSERT IGNORE INTO tb_third_project (group_id, artifact_id, version, stable_version, name, description, home_url, change_log_url, open_source_protocol, stable_version_pattern, version_rule, status, update_time) VALUES ('com.baomidou', 'mybatis-plus-generator', '3.5.6', '3.5.6', null, null, null, null, null, '.*', 'x.y.z', 'NORMAL', '2024-05-22 16:00:10');
INSERT IGNORE INTO tb_third_project (group_id, artifact_id, version, stable_version, name, description, home_url, change_log_url, open_source_protocol, stable_version_pattern, version_rule, status, update_time) VALUES ('com.baomidou', 'mybatis-plus-spring-boot3-starter', '3.5.6', '3.5.6', null, null, null, null, null, '.*', 'x.y.z', 'NORMAL', '2024-05-22 16:00:10');
INSERT IGNORE INTO tb_third_project (group_id, artifact_id, version, stable_version, name, description, home_url, change_log_url, open_source_protocol, stable_version_pattern, version_rule, status, update_time) VALUES ('com.belerweb', 'pinyin4j', '2.5.1', '2.5.1', null, null, null, null, null, '.*', 'x.y.z', 'NORMAL', '2024-05-22 16:00:10');
INSERT IGNORE INTO tb_third_project (group_id, artifact_id, version, stable_version, name, description, home_url, change_log_url, open_source_protocol, stable_version_pattern, version_rule, status, update_time) VALUES ('com.github.chris2018998', 'beecp', '4.0.4', '4.0.4', null, null, null, null, null, '.*', 'x.y.z', 'NORMAL', '2024-05-22 16:00:10');
INSERT IGNORE INTO tb_third_project (group_id, artifact_id, version, stable_version, name, description, home_url, change_log_url, open_source_protocol, stable_version_pattern, version_rule, status, update_time) VALUES ('com.github.codemonstur', 'embedded-redis', '1.4.3', '1.4.3', null, null, null, null, null, '.*', 'x.y.z', 'NORMAL', '2024-05-22 16:00:11');
INSERT IGNORE INTO tb_third_project (group_id, artifact_id, version, stable_version, name, description, home_url, change_log_url, open_source_protocol, stable_version_pattern, version_rule, status, update_time) VALUES ('com.github.kstyrc', 'embedded-redis', '0.6', '0.6', null, null, null, null, null, '.*', 'x.y.z', 'NORMAL', '2024-05-22 16:00:11');
INSERT IGNORE INTO tb_third_project (group_id, artifact_id, version, stable_version, name, description, home_url, change_log_url, open_source_protocol, stable_version_pattern, version_rule, status, update_time) VALUES ('com.github.pagehelper', 'pagehelper', '6.1.0', '6.1.0', null, null, null, null, null, '.*', 'x.y.z', 'NORMAL', '2024-05-22 16:00:11');
INSERT IGNORE INTO tb_third_project (group_id, artifact_id, version, stable_version, name, description, home_url, change_log_url, open_source_protocol, stable_version_pattern, version_rule, status, update_time) VALUES ('com.github.pagehelper', 'pagehelper-spring-boot-starter', '2.1.0', '2.1.0', null, null, null, null, null, '.*', 'x.y.z', 'NORMAL', '2024-05-22 16:00:11');
INSERT IGNORE INTO tb_third_project (group_id, artifact_id, version, stable_version, name, description, home_url, change_log_url, open_source_protocol, stable_version_pattern, version_rule, status, update_time) VALUES ('com.github.xiaoymin', 'knife4j-spring-boot-starter', '3.0.3', '3.0.3', null, null, null, null, null, '.*', 'x.y.z', 'NORMAL', '2024-05-22 16:00:11');
INSERT IGNORE INTO tb_third_project (group_id, artifact_id, version, stable_version, name, description, home_url, change_log_url, open_source_protocol, stable_version_pattern, version_rule, status, update_time) VALUES ('com.github.xiaoymin', 'knife4j-spring-ui', '3.0.3', '3.0.3', null, null, null, null, null, '.*', 'x.y.z', 'NORMAL', '2024-05-22 16:00:11');
INSERT IGNORE INTO tb_third_project (group_id, artifact_id, version, stable_version, name, description, home_url, change_log_url, open_source_protocol, stable_version_pattern, version_rule, status, update_time) VALUES ('com.google.code.findbugs', 'annotations', '3.0.1', '3.0.1', null, null, null, null, null, '.*', 'x.y.z', 'NORMAL', '2024-05-22 16:00:12');
INSERT IGNORE INTO tb_third_project (group_id, artifact_id, version, stable_version, name, description, home_url, change_log_url, open_source_protocol, stable_version_pattern, version_rule, status, update_time) VALUES ('com.google.guava', 'guava', '33.2.0-jre', '33.2.0-jre', null, null, null, null, null, '.*', 'x.y.z', 'NORMAL', '2024-05-22 16:00:12');
INSERT IGNORE INTO tb_third_project (group_id, artifact_id, version, stable_version, name, description, home_url, change_log_url, open_source_protocol, stable_version_pattern, version_rule, status, update_time) VALUES ('com.h2database', 'h2', '2.2.224', '2.2.224', null, null, 'https://github.com/h2database/h2database', 'https://github.com/h2database/h2database/releases', null, '.*', 'x.y.z', 'NORMAL', '2024-05-22 16:00:12');
INSERT IGNORE INTO tb_third_project (group_id, artifact_id, version, stable_version, name, description, home_url, change_log_url, open_source_protocol, stable_version_pattern, version_rule, status, update_time) VALUES ('com.ipay.ipayment', 'ipayment-parent', null, null, null, null, null, null, null, '.*', 'x.y.z', 'EXCEPTION', '2024-05-22 16:00:12');
INSERT IGNORE INTO tb_third_project (group_id, artifact_id, version, stable_version, name, description, home_url, change_log_url, open_source_protocol, stable_version_pattern, version_rule, status, update_time) VALUES ('com.mysql', 'mysql-connector-j', '8.4.0', '8.4.0', null, null, null, null, null, '.*', 'x.y.z', 'NORMAL', '2024-05-22 16:00:13');
INSERT IGNORE INTO tb_third_project (group_id, artifact_id, version, stable_version, name, description, home_url, change_log_url, open_source_protocol, stable_version_pattern, version_rule, status, update_time) VALUES ('com.nimbusds', 'nimbus-jose-jwt', '9.39.1', '9.39.1', null, null, null, null, null, '.*', 'x.y.z', 'NORMAL', '2024-05-22 16:00:13');
INSERT IGNORE INTO tb_third_project (group_id, artifact_id, version, stable_version, name, description, home_url, change_log_url, open_source_protocol, stable_version_pattern, version_rule, status, update_time) VALUES ('com.spotify', 'dockerfile-maven-plugin', '1.4.13', '1.4.13', null, null, null, null, null, '.*', 'x.y.z', 'NORMAL', '2024-05-22 16:00:13');
INSERT IGNORE INTO tb_third_project (group_id, artifact_id, version, stable_version, name, description, home_url, change_log_url, open_source_protocol, stable_version_pattern, version_rule, status, update_time) VALUES ('com.thoughtworks.xstream', 'xstream', '1.4.20', '1.4.20', null, null, null, null, null, '.*', 'x.y.z', 'NORMAL', '2024-05-22 16:00:13');
INSERT IGNORE INTO tb_third_project (group_id, artifact_id, version, stable_version, name, description, home_url, change_log_url, open_source_protocol, stable_version_pattern, version_rule, status, update_time) VALUES ('com.univocity', 'univocity-parsers', '2.9.1', '2.9.1', null, null, null, null, null, '.*', 'x.y.z', 'NORMAL', '2024-05-22 16:00:13');
INSERT IGNORE INTO tb_third_project (group_id, artifact_id, version, stable_version, name, description, home_url, change_log_url, open_source_protocol, stable_version_pattern, version_rule, status, update_time) VALUES ('commons-codec', 'commons-codec', '20041127.091804', '1.17.0', null, null, 'https://github.com/apache/commons-codec', 'https://github.com/apache/commons-codec/tags', null, '.*', 'x.y.z', 'NORMAL', '2024-05-22 16:00:14');
INSERT IGNORE INTO tb_third_project (group_id, artifact_id, version, stable_version, name, description, home_url, change_log_url, open_source_protocol, stable_version_pattern, version_rule, status, update_time) VALUES ('commons-configuration', 'commons-configuration', '20041012.002804', '1.10', null, null, null, null, null, '.*', 'x.y.z', 'NORMAL', '2024-05-22 16:00:14');
INSERT IGNORE INTO tb_third_project (group_id, artifact_id, version, stable_version, name, description, home_url, change_log_url, open_source_protocol, stable_version_pattern, version_rule, status, update_time) VALUES ('commons-daemon', 'commons-daemon', '1.3.4', '1.3.4', null, null, null, null, null, '.*', 'x.y.z', 'NORMAL', '2024-05-22 16:00:14');
INSERT IGNORE INTO tb_third_project (group_id, artifact_id, version, stable_version, name, description, home_url, change_log_url, open_source_protocol, stable_version_pattern, version_rule, status, update_time) VALUES ('commons-io', 'commons-io', '20030203.000550', '2.16.1', null, null, null, null, null, '.*', 'x.y.z', 'NORMAL', '2024-05-22 16:00:14');
INSERT IGNORE INTO tb_third_project (group_id, artifact_id, version, stable_version, name, description, home_url, change_log_url, open_source_protocol, stable_version_pattern, version_rule, status, update_time) VALUES ('de.codecentric', 'spring-boot-admin-starter-client', '3.2.3', '3.2.3', null, null, null, null, null, '.*', 'x.y.z', 'NORMAL', '2024-05-22 16:00:14');
INSERT IGNORE INTO tb_third_project (group_id, artifact_id, version, stable_version, name, description, home_url, change_log_url, open_source_protocol, stable_version_pattern, version_rule, status, update_time) VALUES ('io.micrometer', 'micrometer-registry-prometheus', '1.9.17', '1.9.17', null, null, null, null, null, '.*', 'x.y.z', 'NORMAL', '2024-05-22 16:00:15');
INSERT IGNORE INTO tb_third_project (group_id, artifact_id, version, stable_version, name, description, home_url, change_log_url, open_source_protocol, stable_version_pattern, version_rule, status, update_time) VALUES ('io.minio', 'minio', '8.5.10', '8.5.10', null, null, null, null, null, '.*', 'x.y.z', 'NORMAL', '2024-05-22 16:00:15');
INSERT IGNORE INTO tb_third_project (group_id, artifact_id, version, stable_version, name, description, home_url, change_log_url, open_source_protocol, stable_version_pattern, version_rule, status, update_time) VALUES ('io.springfox', 'springfox-boot-starter', '3.0.0', '3.0.0', null, null, null, null, null, '.*', 'x.y.z', 'NORMAL', '2024-05-22 16:00:16');
INSERT IGNORE INTO tb_third_project (group_id, artifact_id, version, stable_version, name, description, home_url, change_log_url, open_source_protocol, stable_version_pattern, version_rule, status, update_time) VALUES ('io.springfox', 'springfox-core', '3.0.0', '3.0.0', null, null, null, null, null, '.*', 'x.y.z', 'NORMAL', '2024-05-22 16:00:16');
INSERT IGNORE INTO tb_third_project (group_id, artifact_id, version, stable_version, name, description, home_url, change_log_url, open_source_protocol, stable_version_pattern, version_rule, status, update_time) VALUES ('io.swagger', 'swagger-annotations', '2.0.0-rc2', '1.6.14', null, null, null, null, null, '.*', 'x.y.z', 'NORMAL', '2024-05-22 16:00:16');
INSERT IGNORE INTO tb_third_project (group_id, artifact_id, version, stable_version, name, description, home_url, change_log_url, open_source_protocol, stable_version_pattern, version_rule, status, update_time) VALUES ('io.swagger.core.v3', 'swagger-annotations', '2.2.22', '2.2.22', null, null, null, null, null, '.*', 'x.y.z', 'NORMAL', '2024-05-22 16:00:16');
INSERT IGNORE INTO tb_third_project (group_id, artifact_id, version, stable_version, name, description, home_url, change_log_url, open_source_protocol, stable_version_pattern, version_rule, status, update_time) VALUES ('io.swagger.core.v3', 'swagger-annotations-jakarta', '2.2.22', '2.2.22', null, null, null, null, null, '.*', 'x.y.z', 'NORMAL', '2024-05-22 16:00:17');
INSERT IGNORE INTO tb_third_project (group_id, artifact_id, version, stable_version, name, description, home_url, change_log_url, open_source_protocol, stable_version_pattern, version_rule, status, update_time) VALUES ('jakarta.ws.rs', 'jakarta.ws.rs-api', '4.0.0-M2', '4.0.0-M2', null, null, null, null, null, '.*', 'x.y.z', 'NORMAL', '2024-05-22 16:00:17');
INSERT IGNORE INTO tb_third_project (group_id, artifact_id, version, stable_version, name, description, home_url, change_log_url, open_source_protocol, stable_version_pattern, version_rule, status, update_time) VALUES ('javax.activation', 'activation', '1.1.1', '1.1.1', null, null, null, null, null, '.*', 'x.y.z', 'NORMAL', '2024-05-22 16:00:17');
INSERT IGNORE INTO tb_third_project (group_id, artifact_id, version, stable_version, name, description, home_url, change_log_url, open_source_protocol, stable_version_pattern, version_rule, status, update_time) VALUES ('javax.ws.rs', 'javax.ws.rs-api', '2.1.1', '2.1.1', null, null, null, null, null, '.*', 'x.y.z', 'NORMAL', '2024-05-22 16:00:17');
INSERT IGNORE INTO tb_third_project (group_id, artifact_id, version, stable_version, name, description, home_url, change_log_url, open_source_protocol, stable_version_pattern, version_rule, status, update_time) VALUES ('javax.xml.bind', 'jaxb-api', '2.4.0-b180830.0359', '2.3.1', null, null, null, null, null, '.*', 'x.y.z', 'NORMAL', '2024-05-22 16:00:17');
INSERT IGNORE INTO tb_third_project (group_id, artifact_id, version, stable_version, name, description, home_url, change_log_url, open_source_protocol, stable_version_pattern, version_rule, status, update_time) VALUES ('net.java.dev.jna', 'jna', '5.14.0', '5.14.0', null, null, null, null, null, '.*', 'x.y.z', 'NORMAL', '2024-05-22 16:00:17');
INSERT IGNORE INTO tb_third_project (group_id, artifact_id, version, stable_version, name, description, home_url, change_log_url, open_source_protocol, stable_version_pattern, version_rule, status, update_time) VALUES ('net.sourceforge.tess4j', 'tess4j', '5.11.0', '5.11.0', null, null, null, null, null, '.*', 'x.y.z', 'NORMAL', '2024-05-22 16:00:18');
INSERT IGNORE INTO tb_third_project (group_id, artifact_id, version, stable_version, name, description, home_url, change_log_url, open_source_protocol, stable_version_pattern, version_rule, status, update_time) VALUES ('org.apache.commons', 'commons-collections4', '4.5.0-M1', '4.5.0-M1', null, null, null, null, null, '.*', 'x.y.z', 'NORMAL', '2024-05-22 16:00:18');
INSERT IGNORE INTO tb_third_project (group_id, artifact_id, version, stable_version, name, description, home_url, change_log_url, open_source_protocol, stable_version_pattern, version_rule, status, update_time) VALUES ('org.apache.commons', 'commons-lang3', '3.14.0', '3.14.0', null, null, null, null, null, '.*', 'x.y.z', 'NORMAL', '2024-05-22 16:00:18');
INSERT IGNORE INTO tb_third_project (group_id, artifact_id, version, stable_version, name, description, home_url, change_log_url, open_source_protocol, stable_version_pattern, version_rule, status, update_time) VALUES ('org.apache.maven.plugins', 'maven-archetype-plugin', '3.2.1', '3.2.1', null, null, null, null, null, '.*', 'x.y.z', 'NORMAL', '2024-05-22 16:00:18');
INSERT IGNORE INTO tb_third_project (group_id, artifact_id, version, stable_version, name, description, home_url, change_log_url, open_source_protocol, stable_version_pattern, version_rule, status, update_time) VALUES ('org.apache.maven.plugins', 'maven-compiler-plugin', '3.13.0', '3.13.0', null, null, null, null, null, '.*', 'x.y.z', 'NORMAL', '2024-05-22 16:00:18');
INSERT IGNORE INTO tb_third_project (group_id, artifact_id, version, stable_version, name, description, home_url, change_log_url, open_source_protocol, stable_version_pattern, version_rule, status, update_time) VALUES ('org.apache.maven.plugins', 'maven-gpg-plugin', '3.2.4', '3.2.4', null, null, null, null, null, '.*', 'x.y.z', 'NORMAL', '2024-05-22 16:00:18');
INSERT IGNORE INTO tb_third_project (group_id, artifact_id, version, stable_version, name, description, home_url, change_log_url, open_source_protocol, stable_version_pattern, version_rule, status, update_time) VALUES ('org.apache.maven.plugins', 'maven-jar-plugin', '3.4.1', '3.4.1', null, null, null, null, null, '.*', 'x.y.z', 'NORMAL', '2024-05-22 16:00:19');
INSERT IGNORE INTO tb_third_project (group_id, artifact_id, version, stable_version, name, description, home_url, change_log_url, open_source_protocol, stable_version_pattern, version_rule, status, update_time) VALUES ('org.apache.maven.plugins', 'maven-javadoc-plugin', '3.6.3', '3.6.3', null, null, null, null, null, '.*', 'x.y.z', 'NORMAL', '2024-05-22 16:00:19');
INSERT IGNORE INTO tb_third_project (group_id, artifact_id, version, stable_version, name, description, home_url, change_log_url, open_source_protocol, stable_version_pattern, version_rule, status, update_time) VALUES ('org.apache.maven.plugins', 'maven-resources-plugin', '3.3.1', '3.3.1', null, null, null, null, null, '.*', 'x.y.z', 'NORMAL', '2024-05-22 16:00:19');
INSERT IGNORE INTO tb_third_project (group_id, artifact_id, version, stable_version, name, description, home_url, change_log_url, open_source_protocol, stable_version_pattern, version_rule, status, update_time) VALUES ('org.apache.maven.plugins', 'maven-source-plugin', '3.3.1', '3.3.1', null, null, null, null, null, '.*', 'x.y.z', 'NORMAL', '2024-05-22 16:00:19');
INSERT IGNORE INTO tb_third_project (group_id, artifact_id, version, stable_version, name, description, home_url, change_log_url, open_source_protocol, stable_version_pattern, version_rule, status, update_time) VALUES ('org.apache.maven.plugins', 'maven-surefire-plugin', '3.2.5', '3.2.5', null, null, null, null, null, '.*', 'x.y.z', 'NORMAL', '2024-05-22 16:00:19');
INSERT IGNORE INTO tb_third_project (group_id, artifact_id, version, stable_version, name, description, home_url, change_log_url, open_source_protocol, stable_version_pattern, version_rule, status, update_time) VALUES ('org.apache.tika', 'tika-core', '3.0.0-BETA', '2.9.2', null, null, 'https://github.com/apache/tika', 'https://github.com/apache/tika/blob/main/CHANGES.txt', null, '.*', 'x.y.z', 'NORMAL', '2024-05-22 16:00:19');
INSERT IGNORE INTO tb_third_project (group_id, artifact_id, version, stable_version, name, description, home_url, change_log_url, open_source_protocol, stable_version_pattern, version_rule, status, update_time) VALUES ('org.apache.velocity', 'velocity-engine-core', '2.3', '2.3', null, null, null, null, null, '.*', 'x.y.z', 'NORMAL', '2024-05-22 16:00:19');
INSERT IGNORE INTO tb_third_project (group_id, artifact_id, version, stable_version, name, description, home_url, change_log_url, open_source_protocol, stable_version_pattern, version_rule, status, update_time) VALUES ('org.asciidoctor', 'asciidoctor-maven-plugin', '3.0.0', '3.0.0', null, null, null, null, null, '.*', 'x.y.z', 'NORMAL', '2024-05-22 16:00:20');
INSERT IGNORE INTO tb_third_project (group_id, artifact_id, version, stable_version, name, description, home_url, change_log_url, open_source_protocol, stable_version_pattern, version_rule, status, update_time) VALUES ('org.bouncycastle', 'bcpkix-jdk15on', '1.70', '1.70', null, null, null, null, null, '.*', 'x.y.z', 'NORMAL', '2024-05-22 16:00:20');
INSERT IGNORE INTO tb_third_project (group_id, artifact_id, version, stable_version, name, description, home_url, change_log_url, open_source_protocol, stable_version_pattern, version_rule, status, update_time) VALUES ('org.bouncycastle', 'bcpkix-jdk18on', '1.78.1', '1.78.1', null, null, null, null, null, '.*', 'x.y.z', 'NORMAL', '2024-05-22 16:00:20');
INSERT IGNORE INTO tb_third_project (group_id, artifact_id, version, stable_version, name, description, home_url, change_log_url, open_source_protocol, stable_version_pattern, version_rule, status, update_time) VALUES ('org.bouncycastle', 'bcprov-jdk15on', '1.70', '1.70', null, null, null, null, null, '.*', 'x.y.z', 'NORMAL', '2024-05-22 16:00:20');
INSERT IGNORE INTO tb_third_project (group_id, artifact_id, version, stable_version, name, description, home_url, change_log_url, open_source_protocol, stable_version_pattern, version_rule, status, update_time) VALUES ('org.bouncycastle', 'bcprov-jdk18on', '1.78.1', '1.78.1', null, null, null, null, null, '.*', 'x.y.z', 'NORMAL', '2024-05-22 16:00:20');
INSERT IGNORE INTO tb_third_project (group_id, artifact_id, version, stable_version, name, description, home_url, change_log_url, open_source_protocol, stable_version_pattern, version_rule, status, update_time) VALUES ('org.codehaus.mojo', 'cobertura-maven-plugin', '2.7', '2.7', null, null, null, null, null, '.*', 'x.y.z', 'NORMAL', '2024-05-22 16:00:20');
INSERT IGNORE INTO tb_third_project (group_id, artifact_id, version, stable_version, name, description, home_url, change_log_url, open_source_protocol, stable_version_pattern, version_rule, status, update_time) VALUES ('org.codehaus.mojo', 'findbugs-maven-plugin', '3.0.5', '3.0.5', null, null, null, null, null, '.*', 'x.y.z', 'NORMAL', '2024-05-22 16:00:21');
INSERT IGNORE INTO tb_third_project (group_id, artifact_id, version, stable_version, name, description, home_url, change_log_url, open_source_protocol, stable_version_pattern, version_rule, status, update_time) VALUES ('org.codehaus.mojo', 'license-maven-plugin', '2.4.0', '2.4.0', null, null, null, null, null, '.*', 'x.y.z', 'NORMAL', '2024-05-22 16:00:21');
INSERT IGNORE INTO tb_third_project (group_id, artifact_id, version, stable_version, name, description, home_url, change_log_url, open_source_protocol, stable_version_pattern, version_rule, status, update_time) VALUES ('org.codehaus.mojo', 'sonar-maven-plugin', '3.11.0.3922', '3.11.0.3922', null, null, null, null, null, '.*', 'x.y.z', 'NORMAL', '2024-05-22 16:00:21');
INSERT IGNORE INTO tb_third_project (group_id, artifact_id, version, stable_version, name, description, home_url, change_log_url, open_source_protocol, stable_version_pattern, version_rule, status, update_time) VALUES ('org.codehaus.mojo', 'versions-maven-plugin', '2.16.2', '2.16.2', null, null, null, null, null, '.*', 'x.y.z', 'NORMAL', '2024-05-22 16:00:21');
INSERT IGNORE INTO tb_third_project (group_id, artifact_id, version, stable_version, name, description, home_url, change_log_url, open_source_protocol, stable_version_pattern, version_rule, status, update_time) VALUES ('org.freemarker', 'freemarker', '2.3.32', '2.3.32', null, null, null, null, null, '.*', 'x.y.z', 'NORMAL', '2024-05-22 16:00:21');
INSERT IGNORE INTO tb_third_project (group_id, artifact_id, version, stable_version, name, description, home_url, change_log_url, open_source_protocol, stable_version_pattern, version_rule, status, update_time) VALUES ('org.glassfish.jaxb', 'jaxb-runtime', '4.0.5', '4.0.5', null, null, null, null, null, '.*', 'x.y.z', 'NORMAL', '2024-05-22 16:00:21');
INSERT IGNORE INTO tb_third_project (group_id, artifact_id, version, stable_version, name, description, home_url, change_log_url, open_source_protocol, stable_version_pattern, version_rule, status, update_time) VALUES ('org.javassist', 'javassist', '3.30.2-GA', '3.30.2-GA', null, null, null, null, null, '.*', 'x.y.z', 'NORMAL', '2024-05-22 16:00:22');
INSERT IGNORE INTO tb_third_project (group_id, artifact_id, version, stable_version, name, description, home_url, change_log_url, open_source_protocol, stable_version_pattern, version_rule, status, update_time) VALUES ('org.jsoup', 'jsoup', '1.17.2', '1.17.2', null, null, null, null, null, '.*', 'x.y.z', 'NORMAL', '2024-05-22 16:00:22');
INSERT IGNORE INTO tb_third_project (group_id, artifact_id, version, stable_version, name, description, home_url, change_log_url, open_source_protocol, stable_version_pattern, version_rule, status, update_time) VALUES ('org.lz4', 'lz4-java', '1.8.0', '1.8.0', null, null, null, null, null, '.*', 'x.y.z', 'NORMAL', '2024-05-22 16:00:22');
INSERT IGNORE INTO tb_third_project (group_id, artifact_id, version, stable_version, name, description, home_url, change_log_url, open_source_protocol, stable_version_pattern, version_rule, status, update_time) VALUES ('org.mapstruct', 'mapstruct', '1.6.0.Beta2', '1.5.5.Final', null, null, null, null, null, '.*', 'x.y.z', 'NORMAL', '2024-05-22 16:00:22');
INSERT IGNORE INTO tb_third_project (group_id, artifact_id, version, stable_version, name, description, home_url, change_log_url, open_source_protocol, stable_version_pattern, version_rule, status, update_time) VALUES ('org.mapstruct', 'mapstruct-processor', '1.6.0.Beta2', '1.5.5.Final', null, null, null, null, null, '.*', 'x.y.z', 'NORMAL', '2024-05-22 16:00:22');
INSERT IGNORE INTO tb_third_project (group_id, artifact_id, version, stable_version, name, description, home_url, change_log_url, open_source_protocol, stable_version_pattern, version_rule, status, update_time) VALUES ('org.mockito', 'mockito-all', '2.0.2-beta', '1.10.19', null, null, null, null, null, '.*', 'x.y.z', 'NORMAL', '2024-05-22 16:00:22');
INSERT IGNORE INTO tb_third_project (group_id, artifact_id, version, stable_version, name, description, home_url, change_log_url, open_source_protocol, stable_version_pattern, version_rule, status, update_time) VALUES ('org.powermock', 'powermock-api-mockito', '1.7.4', '1.7.4', null, null, null, null, null, '.*', 'x.y.z', 'NORMAL', '2024-05-22 16:00:22');
INSERT IGNORE INTO tb_third_project (group_id, artifact_id, version, stable_version, name, description, home_url, change_log_url, open_source_protocol, stable_version_pattern, version_rule, status, update_time) VALUES ('org.powermock', 'powermock-api-mockito2', '2.0.9', '2.0.9', null, null, null, null, null, '.*', 'x.y.z', 'NORMAL', '2024-05-22 16:00:22');
INSERT IGNORE INTO tb_third_project (group_id, artifact_id, version, stable_version, name, description, home_url, change_log_url, open_source_protocol, stable_version_pattern, version_rule, status, update_time) VALUES ('org.powermock', 'powermock-module-junit4', '2.0.9', '2.0.9', null, null, null, null, null, '.*', 'x.y.z', 'NORMAL', '2024-05-22 16:00:23');
INSERT IGNORE INTO tb_third_project (group_id, artifact_id, version, stable_version, name, description, home_url, change_log_url, open_source_protocol, stable_version_pattern, version_rule, status, update_time) VALUES ('org.projectlombok', 'lombok', '1.18.32', '1.18.32', null, null, 'https://github.com/projectlombok/lombok', 'https://github.com/projectlombok/lombok/releases', null, '.*', 'x.y.z', 'NORMAL', '2024-05-22 16:00:23');
INSERT IGNORE INTO tb_third_project (group_id, artifact_id, version, stable_version, name, description, home_url, change_log_url, open_source_protocol, stable_version_pattern, version_rule, status, update_time) VALUES ('org.redisson', 'redisson', '3.30.0', '3.30.0', null, null, 'https://github.com/redisson/redisson', 'https://github.com/redisson/redisson/blob/master/CHANGELOG.md', null, '.*', 'x.y.z', 'NORMAL', '2024-05-22 16:00:23');
INSERT IGNORE INTO tb_third_project (group_id, artifact_id, version, stable_version, name, description, home_url, change_log_url, open_source_protocol, stable_version_pattern, version_rule, status, update_time) VALUES ('org.sonatype.plugins', 'nexus-staging-maven-plugin', '1.6.13', '1.6.13', null, null, null, null, null, '.*', 'x.y.z', 'NORMAL', '2024-05-22 16:00:23');
INSERT IGNORE INTO tb_third_project (group_id, artifact_id, version, stable_version, name, description, home_url, change_log_url, open_source_protocol, stable_version_pattern, version_rule, status, update_time) VALUES ('org.springdoc', 'springdoc-openapi-ui', '1.8.0', '1.8.0', null, null, null, null, null, '.*', 'x.y.z', 'NORMAL', '2024-05-22 16:00:23');
INSERT IGNORE INTO tb_third_project (group_id, artifact_id, version, stable_version, name, description, home_url, change_log_url, open_source_protocol, stable_version_pattern, version_rule, status, update_time) VALUES ('org.springframework.boot', 'spring-boot-maven-plugin', '3.2.5', '3.2.5', null, null, null, null, null, '.*', 'x.y.z', 'NORMAL', '2024-05-22 16:00:24');
INSERT IGNORE INTO tb_third_project (group_id, artifact_id, version, stable_version, name, description, home_url, change_log_url, open_source_protocol, stable_version_pattern, version_rule, status, update_time) VALUES ('org.springframework.boot', 'spring-boot-starter-parent', '3.2.5', '3.2.5', null, null, 'https://github.com/spring-projects/spring-boot', 'https://github.com/spring-projects/spring-boot/releases', null, '.*', 'x.y.z', 'NORMAL', '2024-05-22 16:00:24');
INSERT IGNORE INTO tb_third_project (group_id, artifact_id, version, stable_version, name, description, home_url, change_log_url, open_source_protocol, stable_version_pattern, version_rule, status, update_time) VALUES ('org.springframework.cloud', 'spring-cloud-dependencies', '2023.0.1', '2023.0.1', null, null, 'https://spring.io/projects/spring-cloud--overview', 'https://docs.spring.io/spring-cloud/docs/current/reference/html', null, '.*', 'x.y.z', 'NORMAL', '2024-05-22 16:00:24');
INSERT IGNORE INTO tb_third_project (group_id, artifact_id, version, stable_version, name, description, home_url, change_log_url, open_source_protocol, stable_version_pattern, version_rule, status, update_time) VALUES ('org.springframework.security.experimental', 'spring-security-oauth2-authorization-server', '0.1.2', '0.1.2', null, null, null, null, null, '.*', 'x.y.z', 'NORMAL', '2024-05-22 16:00:24');
INSERT IGNORE INTO tb_third_project (group_id, artifact_id, version, stable_version, name, description, home_url, change_log_url, open_source_protocol, stable_version_pattern, version_rule, status, update_time) VALUES ('org.springframework.security.oauth', 'spring-security-oauth2', '2.5.2.RELEASE', '2.5.2.RELEASE', null, null, null, null, null, '.*', 'x.y.z', 'NORMAL', '2024-05-22 16:00:24');
INSERT IGNORE INTO tb_third_project (group_id, artifact_id, version, stable_version, name, description, home_url, change_log_url, open_source_protocol, stable_version_pattern, version_rule, status, update_time) VALUES ('org.springframework.security.oauth.boot', 'spring-security-oauth2-autoconfigure', '2.6.8', '2.6.8', null, null, null, null, null, '.*', 'x.y.z', 'NORMAL', '2024-05-22 16:00:25');
INSERT IGNORE INTO tb_third_project (group_id, artifact_id, version, stable_version, name, description, home_url, change_log_url, open_source_protocol, stable_version_pattern, version_rule, status, update_time) VALUES ('p6spy', 'p6spy', '3.9.1', '3.9.1', null, null, null, null, null, '.*', 'x.y.z', 'NORMAL', '2024-05-22 16:00:25');
INSERT IGNORE INTO tb_third_project (group_id, artifact_id, version, stable_version, name, description, home_url, change_log_url, open_source_protocol, stable_version_pattern, version_rule, status, update_time) VALUES ('pl.project13.maven', 'git-commit-id-plugin', '4.9.10', '4.9.10', null, null, null, null, null, '.*', 'x.y.z', 'NORMAL', '2024-05-22 16:00:25');

